timestamp,split,signal_feature,noise_feature,confounder,target
2026-01-01,T0,1,7,1,2.0
2026-01-02,T0,2,3,2,4.1
2026-01-03,T0,3,9,3,5.8
2026-01-04,T0,4,1,4,8.2
2026-01-05,T0,5,8,5,10.1
2026-01-06,T0,6,2,6,11.7
2026-01-07,T0,7,6,7,14.0
2026-01-08,T0,8,4,8,15.9
2026-01-09,T0,9,10,9,18.3
2026-01-10,T0,10,5,10,20.2
2026-01-11,T0,11,1,11,21.8
2026-01-12,T0,12,8,12,24.1
2026-01-13,T0,13,3,13,26.2
2026-01-14,T0,14,9,14,27.7
2026-01-15,T0,15,2,15,30.4
2026-01-16,T0,16,7,16,31.8
2026-01-17,T0,17,4,17,34.1
2026-01-18,T0,18,10,18,35.9
2026-01-19,T0,19,5,19,38.2
2026-01-20,T0,20,6,20,39.7
2026-01-21,T1,21,4,21,42.1
2026-01-22,T1,22,9,22,43.6
2026-01-23,T1,23,1,23,45.9
2026-01-24,T1,24,8,24,48.2
2026-01-25,T1,25,3,25,49.5
2026-01-26,T1,26,10,26,52.0
2026-01-27,T1,27,2,27,53.4
2026-01-28,T1,28,7,28,55.8
2026-01-29,T1,29,5,29,57.1
2026-01-30,T1,30,4,30,59.6
2026-01-31,T1,31,6,31,61.2
2026-02-01,T1,32,9,32,63.3
2026-02-02,T1,33,1,33,64.7
2026-02-03,T1,34,8,34,67.0
2026-02-04,T1,35,3,35,68.5
2026-02-05,T1,36,10,36,71.0
2026-02-06,T1,37,2,37,72.4
2026-02-07,T1,38,7,38,74.9
2026-02-08,T1,39,5,39,76.1
2026-02-09,T1,40,4,40,78.7
